"dep_cat2","breastfeed","Freq","percent"
"no depression","non-breastfeeding",0.694281985064405,69.4281985064405
"mild","non-breastfeeding",0.200703580365736,20.0703580365736
"moderate to severe","non-breastfeeding",0.105014434569859,10.5014434569859
"no depression","breastfeeding",0.813542944932476,81.3542944932476
"mild","breastfeeding",0.164744686660965,16.4744686660965
"moderate to severe","breastfeeding",0.0217123684065589,2.1712368406559
